Store,Date,Weekly_Sales,Holiday_Flag,Temperature,Fuel_Price,CPI,Unemployment,day_of_week,week_of_year,month,is_weekend,season
1,04-05-2012,1970-01-01 00:00:00.001684519,0,75.55,3.749,221.6718,7.143,Thursday,1,1,False,Winter
1,18-06-2010,1970-01-01 00:00:00.001503284,0,84.11,2.637,211.4537719,7.808,Thursday,1,1,False,Winter
1,02-09-2011,1970-01-01 00:00:00.001550229,0,87.83,3.533,215.7971409,7.962,Thursday,1,1,False,Winter
1,16-12-2011,1970-01-01 00:00:00.001881176,0,51.63,3.159,219.1794533,7.866,Thursday,1,1,False,Winter
1,04-03-2011,1970-01-01 00:00:00.001636263,0,59.58,3.288,213.8233327,7.742,Thursday,1,1,False,Winter
1,30-04-2010,1970-01-01 00:00:00.001425100,0,67.41,2.78,210.3895456,7.808,Thursday,1,1,False,Winter
1,10-08-2012,1970-01-01 00:00:00.001592409,0,85.05,3.494,221.9584329,6.908,Thursday,1,1,False,Winter
1,06-05-2011,1970-01-01 00:00:00.001629391,0,64.61,3.906,215.7960035,7.682,Thursday,1,1,False,Winter
1,13-05-2011,1970-01-01 00:00:00.001604775,0,75.64,3.899,215.9640526,7.682,Thursday,1,1,False,Winter
1,11-06-2010,1970-01-01 00:00:00.001542561,0,80.43,2.668,211.4560951,7.808,Thursday,1,1,False,Winter
1,28-01-2011,1970-01-01 00:00:00.001316899,0,43.83,3.01,212.1970577,7.742,Thursday,1,1,False,Winter
1,05-08-2011,1970-01-01 00:00:00.001624383,0,91.65,3.684,215.544618,7.962,Thursday,1,1,False,Winter
1,25-11-2011,1970-01-01 00:00:00.002033320,1,60.14,3.236,218.4676211,7.866,Thursday,1,1,False,Winter
1,17-08-2012,1970-01-01 00:00:00.001597868,0,84.85,3.571,222.0384109,6.908,Thursday,1,1,False,Winter
2,04-05-2012,1970-01-01 00:00:00.001923957,0,76.73,3.749,221.3095166,6.891,Thursday,1,1,False,Winter
2,18-06-2010,1970-01-01 00:00:00.002001636,0,85.81,2.637,211.1096543,8.2,Thursday,1,1,False,Winter
2,02-09-2011,1970-01-01 00:00:00.001809119,0,89.64,3.533,215.4508632,7.852,Thursday,1,1,False,Winter
2,16-12-2011,1970-01-01 00:00:00.002432736,0,50.13,3.159,218.8217928,7.441,Thursday,1,1,False,Winter
2,04-03-2011,1970-01-01 00:00:00.001981607,0,57.77,3.288,213.4775305,8.028,Thursday,1,1,False,Winter
2,30-04-2010,1970-01-01 00:00:00.001802450,0,66.98,2.78,210.0505833,8.2,Thursday,1,1,False,Winter
2,10-08-2012,1970-01-01 00:00:00.001866719,0,88.55,3.494,221.5954138,6.565,Thursday,1,1,False,Winter
2,06-05-2011,1970-01-01 00:00:00.001837743,0,61.48,3.906,215.4448709,7.931,Thursday,1,1,False,Winter
2,13-05-2011,1970-01-01 00:00:00.001838513,0,74.61,3.899,215.6124735,7.931,Thursday,1,1,False,Winter
2,11-06-2010,1970-01-01 00:00:00.002025538,0,83.4,2.668,211.1120018,8.2,Thursday,1,1,False,Winter
2,28-01-2011,1970-01-01 00:00:00.001695371,0,42.83,3.01,211.8552668,8.028,Thursday,1,1,False,Winter
2,05-08-2011,1970-01-01 00:00:00.001876704,0,93.34,3.684,215.1978515,7.852,Thursday,1,1,False,Winter
2,25-11-2011,1970-01-01 00:00:00.002614202,1,56.36,3.236,218.1130269,7.441,Thursday,1,1,False,Winter
2,17-08-2012,1970-01-01 00:00:00.001928016,0,84.79,3.571,221.6751459,6.565,Thursday,1,1,False,Winter
3,04-05-2012,1970-01-01 00:00:00.000439913,0,79.51,3.749,225.1797511,6.664,Thursday,1,1,False,Winter
3,18-06-2010,1970-01-01 00:00:00.000364076,0,83.52,2.637,214.7858259,7.343,Thursday,1,1,False,Winter
3,02-09-2011,1970-01-01 00:00:00.000375988,0,89.12,3.533,219.1501106,7.567,Thursday,1,1,False,Winter
3,16-12-2011,1970-01-01 00:00:00.000510747,0,57.95,3.159,222.6426418,7.197,Thursday,1,1,False,Winter
3,04-03-2011,1970-01-01 00:00:00.000437084,0,65.11,3.288,217.1716979,7.551,Thursday,1,1,False,Winter
3,30-04-2010,1970-01-01 00:00:00.000361248,0,70.24,2.78,213.6716815,7.343,Thursday,1,1,False,Winter
3,10-08-2012,1970-01-01 00:00:00.000391811,0,85.85,3.494,225.4735085,6.334,Thursday,1,1,False,Winter
3,06-05-2011,1970-01-01 00:00:00.000413042,0,69.45,3.906,219.1959827,7.574,Thursday,1,1,False,Winter
3,13-05-2011,1970-01-01 00:00:00.000386312,0,79.87,3.899,219.3683556,7.574,Thursday,1,1,False,Winter
3,11-06-2010,1970-01-01 00:00:00.000355017,0,82.1,2.668,214.787913,7.343,Thursday,1,1,False,Winter
3,28-01-2011,1970-01-01 00:00:00.000364866,0,48.71,3.01,215.5065821,7.551,Thursday,1,1,False,Winter
3,05-08-2011,1970-01-01 00:00:00.000409981,0,88.45,3.684,218.9023209,7.567,Thursday,1,1,False,Winter
3,25-11-2011,1970-01-01 00:00:00.000556925,1,68.0,3.236,221.9011185,7.197,Thursday,1,1,False,Winter
3,17-08-2012,1970-01-01 00:00:00.000394918,0,87.36,3.571,225.5558664,6.334,Thursday,1,1,False,Winter
4,04-05-2012,1970-01-01 00:00:00.002196968,0,80.14,3.747,131.136,4.308,Thursday,1,1,False,Winter
4,18-06-2010,1970-01-01 00:00:00.001929736,0,81.53,2.635,126.114,7.896,Thursday,1,1,False,Winter
4,02-09-2011,1970-01-01 00:00:00.002078420,0,77.99,3.533,129.3259355,5.644,Thursday,1,1,False,Winter
4,16-12-2011,1970-01-01 00:00:00.002771397,0,36.44,3.149,129.8980645,5.143,Thursday,1,1,False,Winter
4,04-03-2011,1970-01-01 00:00:00.002103455,0,46.56,3.305,128.26475,6.51,Thursday,1,1,False,Winter
4,30-04-2010,1970-01-01 00:00:00.001817273,0,53.04,2.787,126.3805667,7.896,Thursday,1,1,False,Winter
4,10-08-2012,1970-01-01 00:00:00.002193367,0,83.21,3.476,130.7561613,4.077,Thursday,1,1,False,Winter
4,06-05-2011,1970-01-01 00:00:00.002063682,0,63.41,3.866,129.0444333,5.946,Thursday,1,1,False,Winter
4,13-05-2011,1970-01-01 00:00:00.002002362,0,70.65,3.872,129.089,5.946,Thursday,1,1,False,Winter
4,11-06-2010,1970-01-01 00:00:00.001870619,0,78.45,2.668,126.1119032,7.896,Thursday,1,1,False,Winter
4,28-01-2011,1970-01-01 00:00:00.001814240,0,40.6,3.022,127.5800323,6.51,Thursday,1,1,False,Winter
4,05-08-2011,1970-01-01 00:00:00.002160057,0,86.09,3.662,129.1846452,5.644,Thursday,1,1,False,Winter
4,25-11-2011,1970-01-01 00:00:00.003004702,1,47.96,3.225,129.8364,5.143,Thursday,1,1,False,Winter
4,17-08-2012,1970-01-01 00:00:00.002283540,0,81.41,3.552,130.7909677,4.077,Thursday,1,1,False,Winter
5,04-05-2012,1970-01-01 00:00:00.000360932,0,77.1,3.749,222.2594722,5.801,Thursday,1,1,False,Winter
5,18-06-2010,1970-01-01 00:00:00.000313795,0,83.91,2.637,212.0119769,6.465,Thursday,1,1,False,Winter
5,02-09-2011,1970-01-01 00:00:00.000315645,0,90.38,3.533,216.3588498,6.529,Thursday,1,1,False,Winter
5,16-12-2011,1970-01-01 00:00:00.000379530,0,54.42,3.159,219.7596266,6.3,Thursday,1,1,False,Winter
5,04-03-2011,1970-01-01 00:00:00.000329033,0,60.35,3.288,214.3842702,6.634,Thursday,1,1,False,Winter
5,30-04-2010,1970-01-01 00:00:00.000298697,0,67.53,2.78,210.939388,6.465,Thursday,1,1,False,Winter
5,10-08-2012,1970-01-01 00:00:00.000306759,0,86.96,3.494,222.5472987,5.603,Thursday,1,1,False,Winter
5,06-05-2011,1970-01-01 00:00:00.000322904,0,66.27,3.906,216.3655877,6.489,Thursday,1,1,False,Winter
5,13-05-2011,1970-01-01 00:00:00.000290930,0,77.38,3.899,216.5343611,6.489,Thursday,1,1,False,Winter
5,11-06-2010,1970-01-01 00:00:00.000296641,0,80.7,2.668,212.0142605,6.465,Thursday,1,1,False,Winter
5,28-01-2011,1970-01-01 00:00:00.000279088,0,44.5,3.01,212.7514884,6.634,Thursday,1,1,False,Winter
5,05-08-2011,1970-01-01 00:00:00.000317738,0,91.07,3.684,216.1071198,6.529,Thursday,1,1,False,Winter
5,25-11-2011,1970-01-01 00:00:00.000507900,1,61.93,3.236,219.0428204,6.3,Thursday,1,1,False,Winter
5,17-08-2012,1970-01-01 00:00:00.000314014,0,87.52,3.571,222.6276753,5.603,Thursday,1,1,False,Winter
6,04-05-2012,1970-01-01 00:00:00.001543461,0,77.66,3.749,223.2800541,5.964,Thursday,1,1,False,Winter
6,18-06-2010,1970-01-01 00:00:00.001677248,0,83.89,2.637,212.9813843,7.092,Thursday,1,1,False,Winter
6,02-09-2011,1970-01-01 00:00:00.001481618,0,91.22,3.533,217.3343423,6.925,Thursday,1,1,False,Winter
6,16-12-2011,1970-01-01 00:00:00.002034695,0,53.27,3.159,220.7671856,6.551,Thursday,1,1,False,Winter
6,04-03-2011,1970-01-01 00:00:00.001502617,0,60.45,3.288,215.3584231,6.858,Thursday,1,1,False,Winter
6,30-04-2010,1970-01-01 00:00:00.001498080,0,68.91,2.78,211.8942725,7.092,Thursday,1,1,False,Winter
6,10-08-2012,1970-01-01 00:00:00.001588380,0,87.04,3.494,223.5699533,5.668,Thursday,1,1,False,Winter
6,06-05-2011,1970-01-01 00:00:00.001504651,0,65.42,3.906,217.3547569,6.855,Thursday,1,1,False,Winter
6,13-05-2011,1970-01-01 00:00:00.001453185,0,76.95,3.899,217.5247882,6.855,Thursday,1,1,False,Winter
6,11-06-2010,1970-01-01 00:00:00.001685652,0,81.81,2.668,212.9835992,7.092,Thursday,1,1,False,Winter
6,28-01-2011,1970-01-01 00:00:00.001287034,0,44.98,3.01,213.7143412,6.858,Thursday,1,1,False,Winter
6,05-08-2011,1970-01-01 00:00:00.001601584,0,91.46,3.684,217.0839894,6.925,Thursday,1,1,False,Winter
6,25-11-2011,1970-01-01 00:00:00.002249811,1,62.78,3.236,220.0417412,6.551,Thursday,1,1,False,Winter
6,17-08-2012,1970-01-01 00:00:00.001543049,0,87.53,3.571,223.6510224,5.668,Thursday,1,1,False,Winter
7,04-05-2012,1970-01-01 00:00:00.000465198,0,45.38,3.903,197.6063534,8.09,Thursday,1,1,False,Winter
7,18-06-2010,1970-01-01 00:00:00.000481144,0,52.7,2.674,189.4185259,8.963,Thursday,1,1,False,Winter
7,02-09-2011,1970-01-01 00:00:00.000592355,0,53.4,3.511,194.5092113,8.622,Thursday,1,1,False,Winter
7,16-12-2011,1970-01-01 00:00:00.000720242,0,15.2,3.266,195.9841685,8.513,Thursday,1,1,False,Winter
7,04-03-2011,1970-01-01 00:00:00.000551378,0,21.84,3.232,192.0116004,8.818,Thursday,1,1,False,Winter
7,30-04-2010,1970-01-01 00:00:00.000373655,0,38.99,2.766,189.575127,8.963,Thursday,1,1,False,Winter
7,10-08-2012,1970-01-01 00:00:00.000675926,0,63.41,3.509,198.0795651,7.872,Thursday,1,1,False,Winter
7,06-05-2011,1970-01-01 00:00:00.000407012,0,26.54,3.735,192.7252006,8.595,Thursday,1,1,False,Winter
7,13-05-2011,1970-01-01 00:00:00.000414094,0,36.61,3.767,192.826069,8.595,Thursday,1,1,False,Winter
7,11-06-2010,1970-01-01 00:00:00.000498580,0,63.59,2.684,189.4000734,8.963,Thursday,1,1,False,Winter
7,28-01-2011,1970-01-01 00:00:00.000513372,0,10.11,3.008,191.667891,8.818,Thursday,1,1,False,Winter
7,05-08-2011,1970-01-01 00:00:00.000695392,0,55.91,3.554,193.9110133,8.622,Thursday,1,1,False,Winter
7,25-11-2011,1970-01-01 00:00:00.000949075,1,27.6,3.424,195.7704,8.513,Thursday,1,1,False,Winter
7,17-08-2012,1970-01-01 00:00:00.000642450,0,59.66,3.545,198.1001057,7.872,Thursday,1,1,False,Winter
8,04-05-2012,1970-01-01 00:00:00.000937232,0,73.96,3.749,225.2288314,5.679,Thursday,1,1,False,Winter
8,18-06-2010,1970-01-01 00:00:00.000869922,0,78.79,2.637,214.8324452,6.29,Thursday,1,1,False,Winter
8,02-09-2011,1970-01-01 00:00:00.000891387,0,84.77,3.533,219.1970226,6.425,Thursday,1,1,False,Winter
8,16-12-2011,1970-01-01 00:00:00.001118163,0,39.79,3.159,222.6910959,6.123,Thursday,1,1,False,Winter
8,04-03-2011,1970-01-01 00:00:00.000935266,0,53.18,3.288,217.2185454,6.262,Thursday,1,1,False,Winter
8,30-04-2010,1970-01-01 00:00:00.000778672,0,61.01,2.78,213.7176024,6.29,Thursday,1,1,False,Winter
8,10-08-2012,1970-01-01 00:00:00.000930745,0,83.74,3.494,225.5226885,5.401,Thursday,1,1,False,Winter
8,06-05-2011,1970-01-01 00:00:00.000941457,0,58.92,3.906,219.2435524,6.297,Thursday,1,1,False,Winter
8,13-05-2011,1970-01-01 00:00:00.000895763,0,72.96,3.899,219.4159857,6.297,Thursday,1,1,False,Winter
8,11-06-2010,1970-01-01 00:00:00.000914835,0,82.21,2.668,214.834529,6.29,Thursday,1,1,False,Winter
8,28-01-2011,1970-01-01 00:00:00.000782256,0,39.26,3.01,215.5528862,6.262,Thursday,1,1,False,Winter
8,05-08-2011,1970-01-01 00:00:00.000892393,0,85.15,3.684,218.9492991,6.425,Thursday,1,1,False,Winter
8,25-11-2011,1970-01-01 00:00:00.001235163,1,49.61,3.236,221.9491571,6.123,Thursday,1,1,False,Winter
8,17-08-2012,1970-01-01 00:00:00.000896613,0,81.21,3.571,225.6050797,5.401,Thursday,1,1,False,Winter
9,04-05-2012,1970-01-01 00:00:00.000586289,0,78.98,3.749,225.4227585,5.539,Thursday,1,1,False,Winter
9,18-06-2010,1970-01-01 00:00:00.000513073,0,82.99,2.637,215.0166484,6.384,Thursday,1,1,False,Winter
9,02-09-2011,1970-01-01 00:00:00.000544643,0,89.33,3.533,219.382382,6.404,Thursday,1,1,False,Winter
9,16-12-2011,1970-01-01 00:00:00.000705557,0,47.31,3.159,222.8825484,6.054,Thursday,1,1,False,Winter
9,04-03-2011,1970-01-01 00:00:00.000542016,0,60.67,3.288,217.4036503,6.416,Thursday,1,1,False,Winter
9,30-04-2010,1970-01-01 00:00:00.000491723,0,66.07,2.78,213.8990459,6.384,Thursday,1,1,False,Winter
9,10-08-2012,1970-01-01 00:00:00.000538713,0,88.66,3.494,225.7170094,5.277,Thursday,1,1,False,Winter
9,06-05-2011,1970-01-01 00:00:00.000545251,0,62.2,3.906,219.4315106,6.38,Thursday,1,1,False,Winter
9,13-05-2011,1970-01-01 00:00:00.000539126,0,77.66,3.899,219.6041829,6.38,Thursday,1,1,False,Winter
9,11-06-2010,1970-01-01 00:00:00.000522715,0,83.75,2.668,215.0187191,6.384,Thursday,1,1,False,Winter
9,28-01-2011,1970-01-01 00:00:00.000463561,0,43.9,3.01,215.7358438,6.416,Thursday,1,1,False,Winter
9,05-08-2011,1970-01-01 00:00:00.000554879,0,91.52,3.684,219.1349201,6.404,Thursday,1,1,False,Winter
9,25-11-2011,1970-01-01 00:00:00.000814753,1,54.32,3.236,222.1389683,6.054,Thursday,1,1,False,Winter
9,17-08-2012,1970-01-01 00:00:00.000535153,0,86.37,3.571,225.7995323,5.277,Thursday,1,1,False,Winter
10,04-05-2012,1970-01-01 00:00:00.001821364,0,77.02,4.058,131.136,7.382,Thursday,1,1,False,Winter
10,18-06-2010,1970-01-01 00:00:00.001837636,0,83.49,2.935,126.114,9.524,Thursday,1,1,False,Winter
10,02-09-2011,1970-01-01 00:00:00.001758587,0,91.61,3.798,129.3259355,8.257,Thursday,1,1,False,Winter
10,16-12-2011,1970-01-01 00:00:00.002555031,0,50.53,3.489,129.8980645,7.874,Thursday,1,1,False,Winter
10,04-03-2011,1970-01-01 00:00:00.001958003,0,56.96,3.674,128.26475,8.744,Thursday,1,1,False,Winter
10,30-04-2010,1970-01-01 00:00:00.001790694,0,69.76,3.105,126.3805667,9.524,Thursday,1,1,False,Winter
10,10-08-2012,1970-01-01 00:00:00.001880436,0,90.78,3.811,130.7561613,7.17,Thursday,1,1,False,Winter
10,06-05-2011,1970-01-01 00:00:00.001841369,0,73.56,4.193,129.0444333,8.494,Thursday,1,1,False,Winter
10,13-05-2011,1970-01-01 00:00:00.001712995,0,74.04,4.202,129.089,8.494,Thursday,1,1,False,Winter
10,11-06-2010,1970-01-01 00:00:00.001827521,0,89.67,3.057,126.1119032,9.524,Thursday,1,1,False,Winter
10,28-01-2011,1970-01-01 00:00:00.001715769,0,53.03,3.231,127.5800323,8.744,Thursday,1,1,False,Winter
10,05-08-2011,1970-01-01 00:00:00.001886299,0,89.8,3.803,129.1846452,8.257,Thursday,1,1,False,Winter
10,25-11-2011,1970-01-01 00:00:00.002950198,1,60.68,3.76,129.8364,7.874,Thursday,1,1,False,Winter
10,17-08-2012,1970-01-01 00:00:00.001827797,0,88.83,4.002,130.7909677,7.17,Thursday,1,1,False,Winter
11,04-05-2012,1970-01-01 00:00:00.001370251,0,79.07,3.749,225.1797511,6.664,Thursday,1,1,False,Winter
11,18-06-2010,1970-01-01 00:00:00.001336522,0,84.13,2.637,214.7858259,7.343,Thursday,1,1,False,Winter
11,02-09-2011,1970-01-01 00:00:00.001297792,0,91.44,3.533,219.1501106,7.567,Thursday,1,1,False,Winter
11,16-12-2011,1970-01-01 00:00:00.001783910,0,59.69,3.159,222.6426418,7.197,Thursday,1,1,False,Winter
11,04-03-2011,1970-01-01 00:00:00.001399456,0,66.5,3.288,217.1716979,7.551,Thursday,1,1,False,Winter
11,30-04-2010,1970-01-01 00:00:00.001239766,0,71.13,2.78,213.6716815,7.343,Thursday,1,1,False,Winter
11,10-08-2012,1970-01-01 00:00:00.001388973,0,86.21,3.494,225.4735085,6.334,Thursday,1,1,False,Winter
11,06-05-2011,1970-01-01 00:00:00.001331453,0,71.39,3.906,219.1959827,7.574,Thursday,1,1,False,Winter
11,13-05-2011,1970-01-01 00:00:00.001277959,0,80.93,3.899,219.3683556,7.574,Thursday,1,1,False,Winter
11,11-06-2010,1970-01-01 00:00:00.001339570,0,82.81,2.668,214.787913,7.343,Thursday,1,1,False,Winter
11,28-01-2011,1970-01-01 00:00:00.001100418,0,51.04,3.01,215.5065821,7.551,Thursday,1,1,False,Winter
11,05-08-2011,1970-01-01 00:00:00.001403198,0,90.04,3.684,218.9023209,7.567,Thursday,1,1,False,Winter
11,25-11-2011,1970-01-01 00:00:00.001848953,1,70.03,3.236,221.9011185,7.197,Thursday,1,1,False,Winter
11,17-08-2012,1970-01-01 00:00:00.001421307,0,87.73,3.571,225.5558664,6.334,Thursday,1,1,False,Winter
12,04-05-2012,1970-01-01 00:00:00.001073433,0,76.03,4.171,131.136,11.627,Thursday,1,1,False,Winter
12,18-06-2010,1970-01-01 00:00:00.000956211,0,81.06,3.043,126.114,14.099,Thursday,1,1,False,Winter
12,02-09-2011,1970-01-01 00:00:00.001052051,0,93.66,3.798,129.3259355,13.503,Thursday,1,1,False,Winter
12,16-12-2011,1970-01-01 00:00:00.001293404,0,43.29,3.6,129.8980645,12.89,Thursday,1,1,False,Winter
12,04-03-2011,1970-01-01 00:00:00.001085248,0,51.72,3.674,128.26475,14.021,Thursday,1,1,False,Winter
12,30-04-2010,1970-01-01 00:00:00.000954220,0,67.38,3.105,126.3805667,14.099,Thursday,1,1,False,Winter
12,10-08-2012,1970-01-01 00:00:00.000984689,0,95.91,3.811,130.7561613,10.926,Thursday,1,1,False,Winter
12,06-05-2011,1970-01-01 00:00:00.001021154,0,68.4,4.193,129.0444333,13.736,Thursday,1,1,False,Winter
12,13-05-2011,1970-01-01 00:00:00.000977033,0,70.93,4.202,129.089,13.736,Thursday,1,1,False,Winter
12,11-06-2010,1970-01-01 00:00:00.001016039,0,90.84,2.949,126.1119032,14.099,Thursday,1,1,False,Winter
12,28-01-2011,1970-01-01 00:00:00.000873119,0,50.74,3.342,127.5800323,14.021,Thursday,1,1,False,Winter
12,05-08-2011,1970-01-01 00:00:00.000988712,0,90.61,3.803,129.1846452,13.503,Thursday,1,1,False,Winter
12,25-11-2011,1970-01-01 00:00:00.001591920,1,53.25,3.622,129.8364,12.89,Thursday,1,1,False,Winter
12,17-08-2012,1970-01-01 00:00:00.001005003,0,94.87,4.002,130.7909677,10.926,Thursday,1,1,False,Winter
13,04-05-2012,1970-01-01 00:00:00.001995994,0,54.41,3.831,131.136,5.965,Thursday,1,1,False,Winter
13,18-06-2010,1970-01-01 00:00:00.002003435,0,58.41,2.819,126.114,8.107,Thursday,1,1,False,Winter
13,02-09-2011,1970-01-01 00:00:00.001953628,0,77.0,3.58,129.3259355,6.877,Thursday,1,1,False,Winter
13,16-12-2011,1970-01-01 00:00:00.002760346,0,27.85,3.282,129.8980645,6.392,Thursday,1,1,False,Winter
13,04-03-2011,1970-01-01 00:00:00.001894960,0,34.23,3.23,128.26475,7.47,Thursday,1,1,False,Winter
13,30-04-2010,1970-01-01 00:00:00.001785823,0,48.33,2.941,126.3805667,8.107,Thursday,1,1,False,Winter
13,10-08-2012,1970-01-01 00:00:00.002041019,0,81.69,3.509,130.7561613,5.765,Thursday,1,1,False,Winter
13,06-05-2011,1970-01-01 00:00:00.001986380,0,47.75,3.744,129.0444333,7.193,Thursday,1,1,False,Winter
13,13-05-2011,1970-01-01 00:00:00.001958823,0,52.4,3.77,129.089,7.193,Thursday,1,1,False,Winter
13,11-06-2010,1970-01-01 00:00:00.002037880,0,65.24,2.841,126.1119032,8.107,Thursday,1,1,False,Winter
13,28-01-2011,1970-01-01 00:00:00.001633663,0,31.64,2.96,127.5800323,7.47,Thursday,1,1,False,Winter
13,05-08-2011,1970-01-01 00:00:00.002076231,0,75.56,3.595,129.1846452,6.877,Thursday,1,1,False,Winter
13,25-11-2011,1970-01-01 00:00:00.002864170,1,38.89,3.445,129.8364,6.392,Thursday,1,1,False,Winter
13,17-08-2012,1970-01-01 00:00:00.002095769,0,79.4,3.545,130.7909677,5.765,Thursday,1,1,False,Winter
14,04-05-2012,1970-01-01 00:00:00.001949354,0,55.21,3.951,190.9222115,8.567,Thursday,1,1,False,Winter
14,18-06-2010,1970-01-01 00:00:00.002248645,0,72.62,2.78,182.4424199,8.899,Thursday,1,1,False,Winter
14,02-09-2011,1970-01-01 00:00:00.001750891,0,70.63,3.703,186.6189274,8.625,Thursday,1,1,False,Winter
14,16-12-2011,1970-01-01 00:00:00.002594363,0,39.93,3.413,188.7979349,8.523,Thursday,1,1,False,Winter
14,04-03-2011,1970-01-01 00:00:00.002041215,0,38.65,3.433,184.3879911,8.549,Thursday,1,1,False,Winter
14,30-04-2010,1970-01-01 00:00:00.002082355,0,53.15,2.921,181.6620359,8.899,Thursday,1,1,False,Winter
14,10-08-2012,1970-01-01 00:00:00.001648570,0,78.65,3.722,191.1626135,8.684,Thursday,1,1,False,Winter
14,06-05-2011,1970-01-01 00:00:00.002095599,0,58.21,4.046,185.9374378,8.521,Thursday,1,1,False,Winter
14,13-05-2011,1970-01-01 00:00:00.002004330,0,60.38,4.066,186.0719231,8.521,Thursday,1,1,False,Winter
14,11-06-2010,1970-01-01 00:00:00.002249570,0,69.71,2.809,182.4315571,8.899,Thursday,1,1,False,Winter
14,28-01-2011,1970-01-01 00:00:00.001613718,0,24.05,3.237,183.1800955,8.549,Thursday,1,1,False,Winter
14,05-08-2011,1970-01-01 00:00:00.002066020,0,78.22,3.842,186.3734038,8.625,Thursday,1,1,False,Winter
14,25-11-2011,1970-01-01 00:00:00.002685351,1,48.71,3.492,188.3504,8.523,Thursday,1,1,False,Winter
14,17-08-2012,1970-01-01 00:00:00.001660433,0,75.71,3.807,191.2284919,8.684,Thursday,1,1,False,Winter
15,04-05-2012,1970-01-01 00:00:00.000577868,0,51.04,4.124,138.0332,8.15,Thursday,1,1,False,Winter
15,18-06-2010,1970-01-01 00:00:00.000652329,0,65.83,2.942,132.4733333,8.185,Thursday,1,1,False,Winter
15,02-09-2011,1970-01-01 00:00:00.000649159,0,67.63,3.879,136.2440968,7.806,Thursday,1,1,False,Winter
15,16-12-2011,1970-01-01 00:00:00.000870415,0,35.49,3.611,136.5335161,7.866,Thursday,1,1,False,Winter
15,04-03-2011,1970-01-01 00:00:00.000573374,0,28.16,3.605,133.6141429,7.771,Thursday,1,1,False,Winter
15,30-04-2010,1970-01-01 00:00:00.000570791,0,49.09,3.042,132.0644333,8.185,Thursday,1,1,False,Winter
15,10-08-2012,1970-01-01 00:00:00.000590453,0,73.99,3.863,138.1437742,8.193,Thursday,1,1,False,Winter
15,06-05-2011,1970-01-01 00:00:00.000630522,0,49.87,4.192,134.5143667,7.658,Thursday,1,1,False,Winter
15,13-05-2011,1970-01-01 00:00:00.000630482,0,57.07,4.211,134.593,7.658,Thursday,1,1,False,Winter
15,11-06-2010,1970-01-01 00:00:00.000619337,0,61.04,2.972,132.4357419,8.185,Thursday,1,1,False,Winter
15,28-01-2011,1970-01-01 00:00:00.000481119,0,19.61,3.402,133.1059677,7.771,Thursday,1,1,False,Winter
15,05-08-2011,1970-01-01 00:00:00.000607961,0,73.63,4.02,136.0540323,7.806,Thursday,1,1,False,Winter
15,25-11-2011,1970-01-01 00:00:00.001066478,1,41.1,3.689,136.4788,7.866,Thursday,1,1,False,Winter
15,17-08-2012,1970-01-01 00:00:00.000579738,0,70.29,3.963,138.1857097,8.193,Thursday,1,1,False,Winter
16,04-05-2012,1970-01-01 00:00:00.000426959,0,51.34,3.903,197.6063534,6.169,Thursday,1,1,False,Winter
16,18-06-2010,1970-01-01 00:00:00.000540149,0,52.4,2.674,189.4185259,6.842,Thursday,1,1,False,Winter
16,02-09-2011,1970-01-01 00:00:00.000580805,0,63.44,3.511,194.5092113,6.338,Thursday,1,1,False,Winter
16,16-12-2011,1970-01-01 00:00:00.000679481,0,22.5,3.266,195.9841685,6.232,Thursday,1,1,False,Winter
16,04-03-2011,1970-01-01 00:00:00.000484829,0,31.77,3.232,192.0116004,6.614,Thursday,1,1,False,Winter
16,30-04-2010,1970-01-01 00:00:00.000383550,0,37.75,2.766,189.575127,6.842,Thursday,1,1,False,Winter
16,10-08-2012,1970-01-01 00:00:00.000554036,0,70.24,3.509,198.0795651,6.061,Thursday,1,1,False,Winter
16,06-05-2011,1970-01-01 00:00:00.000423805,0,38.64,3.735,192.7252006,6.339,Thursday,1,1,False,Winter
16,13-05-2011,1970-01-01 00:00:00.000410406,0,43.29,3.767,192.826069,6.339,Thursday,1,1,False,Winter
16,11-06-2010,1970-01-01 00:00:00.000535587,0,62.63,2.684,189.4000734,6.842,Thursday,1,1,False,Winter
16,28-01-2011,1970-01-01 00:00:00.000448391,0,20.8,3.008,191.667891,6.614,Thursday,1,1,False,Winter
16,05-08-2011,1970-01-01 00:00:00.000592981,0,63.96,3.554,193.9110133,6.338,Thursday,1,1,False,Winter
16,25-11-2011,1970-01-01 00:00:00.000712422,1,31.39,3.424,195.7704,6.232,Thursday,1,1,False,Winter
16,17-08-2012,1970-01-01 00:00:00.000521896,0,62.07,3.545,198.1001057,6.061,Thursday,1,1,False,Winter
17,04-05-2012,1970-01-01 00:00:00.000930121,0,48.86,3.831,131.136,6.235,Thursday,1,1,False,Winter
17,18-06-2010,1970-01-01 00:00:00.000877996,0,54.94,2.819,126.114,6.635,Thursday,1,1,False,Winter
17,02-09-2011,1970-01-01 00:00:00.000847380,0,69.31,3.58,129.3259355,6.745,Thursday,1,1,False,Winter
17,16-12-2011,1970-01-01 00:00:00.001067754,0,21.07,3.282,129.8980645,6.617,Thursday,1,1,False,Winter
17,04-03-2011,1970-01-01 00:00:00.000816138,0,24.21,3.23,128.26475,6.866,Thursday,1,1,False,Winter
17,30-04-2010,1970-01-01 00:00:00.000807798,0,43.82,2.941,126.3805667,6.635,Thursday,1,1,False,Winter
17,10-08-2012,1970-01-01 00:00:00.000849074,0,73.29,3.509,130.7561613,5.936,Thursday,1,1,False,Winter
17,06-05-2011,1970-01-01 00:00:00.000882132,0,45.66,3.744,129.0444333,6.774,Thursday,1,1,False,Winter
17,13-05-2011,1970-01-01 00:00:00.000870625,0,49.26,3.77,129.089,6.774,Thursday,1,1,False,Winter
17,11-06-2010,1970-01-01 00:00:00.000845252,0,57.14,2.841,126.1119032,6.635,Thursday,1,1,False,Winter
17,28-01-2011,1970-01-01 00:00:00.000736335,0,22.16,2.96,127.5800323,6.866,Thursday,1,1,False,Winter
17,05-08-2011,1970-01-01 00:00:00.000866184,0,65.71,3.595,129.1846452,6.745,Thursday,1,1,False,Winter
17,25-11-2011,1970-01-01 00:00:00.001225700,1,32.81,3.445,129.8364,6.617,Thursday,1,1,False,Winter
17,17-08-2012,1970-01-01 00:00:00.000844928,0,70.98,3.545,130.7909677,5.936,Thursday,1,1,False,Winter
18,04-05-2012,1970-01-01 00:00:00.001050027,0,49.66,3.991,138.0332,8.304,Thursday,1,1,False,Winter
18,18-06-2010,1970-01-01 00:00:00.001183225,0,65.96,2.805,132.4733333,9.269,Thursday,1,1,False,Winter
18,02-09-2011,1970-01-01 00:00:00.000540922,0,68.23,3.784,136.2440968,8.89,Thursday,1,1,False,Winter
18,16-12-2011,1970-01-01 00:00:00.001516924,0,35.52,3.445,136.5335161,8.471,Thursday,1,1,False,Winter
18,04-03-2011,1970-01-01 00:00:00.001063310,0,28.49,3.437,133.6141429,9.131,Thursday,1,1,False,Winter
18,30-04-2010,1970-01-01 00:00:00.001060446,0,51.12,2.935,132.0644333,9.269,Thursday,1,1,False,Winter
18,10-08-2012,1970-01-01 00:00:00.000967304,0,75.7,3.772,138.1437742,8.535,Thursday,1,1,False,Winter
18,06-05-2011,1970-01-01 00:00:00.001065427,0,54.17,4.078,134.5143667,8.975,Thursday,1,1,False,Winter
18,13-05-2011,1970-01-01 00:00:00.000993172,0,58.48,4.095,134.593,8.975,Thursday,1,1,False,Winter
18,11-06-2010,1970-01-01 00:00:00.001173521,0,64.08,2.83,132.4357419,9.269,Thursday,1,1,False,Winter
18,28-01-2011,1970-01-01 00:00:00.000849540,0,14.84,3.243,133.1059677,9.131,Thursday,1,1,False,Winter
18,05-08-2011,1970-01-01 00:00:00.001002806,0,74.58,3.903,136.0540323,8.89,Thursday,1,1,False,Winter
18,25-11-2011,1970-01-01 00:00:00.001624170,1,41.97,3.536,136.4788,8.471,Thursday,1,1,False,Winter
18,17-08-2012,1970-01-01 00:00:00.001048134,0,73.25,3.84,138.1857097,8.535,Thursday,1,1,False,Winter
19,04-05-2012,1970-01-01 00:00:00.001405007,0,50.76,4.124,138.0332,8.15,Thursday,1,1,False,Winter
19,18-06-2010,1970-01-01 00:00:00.001457314,0,66.25,2.942,132.4733333,8.185,Thursday,1,1,False,Winter
19,02-09-2011,1970-01-01 00:00:00.001609951,0,69.27,3.879,136.2440968,7.806,Thursday,1,1,False,Winter
19,16-12-2011,1970-01-01 00:00:00.001852179,0,37.07,3.611,136.5335161,7.866,Thursday,1,1,False,Winter
19,04-03-2011,1970-01-01 00:00:00.001433569,0,29.28,3.605,133.6141429,7.771,Thursday,1,1,False,Winter
19,30-04-2010,1970-01-01 00:00:00.001405065,0,49.89,3.042,132.0644333,8.185,Thursday,1,1,False,Winter
19,10-08-2012,1970-01-01 00:00:00.001408907,0,74.45,3.863,138.1437742,8.193,Thursday,1,1,False,Winter
19,06-05-2011,1970-01-01 00:00:00.001451953,0,50.43,4.192,134.5143667,7.658,Thursday,1,1,False,Winter
19,13-05-2011,1970-01-01 00:00:00.001429143,0,54.2,4.211,134.593,7.658,Thursday,1,1,False,Winter
19,11-06-2010,1970-01-01 00:00:00.001410683,0,61.64,2.972,132.4357419,8.185,Thursday,1,1,False,Winter
19,28-01-2011,1970-01-01 00:00:00.001284185,0,20.66,3.402,133.1059677,7.771,Thursday,1,1,False,Winter
19,05-08-2011,1970-01-01 00:00:00.001408968,0,73.84,4.02,136.0540323,7.806,Thursday,1,1,False,Winter
19,25-11-2011,1970-01-01 00:00:00.001974646,1,42.75,3.689,136.4788,7.866,Thursday,1,1,False,Winter
19,17-08-2012,1970-01-01 00:00:00.001375101,0,69.83,3.963,138.1857097,8.193,Thursday,1,1,False,Winter
20,04-05-2012,1970-01-01 00:00:00.002163510,0,62.74,3.951,214.4771081,7.139,Thursday,1,1,False,Winter
20,18-06-2010,1970-01-01 00:00:00.002091903,0,72.62,2.78,204.670036,7.856,Thursday,1,1,False,Winter
20,02-09-2011,1970-01-01 00:00:00.002141765,0,70.82,3.703,208.9625161,7.274,Thursday,1,1,False,Winter
20,16-12-2011,1970-01-01 00:00:00.002762816,0,37.16,3.413,212.0685039,7.082,Thursday,1,1,False,Winter
20,04-03-2011,1970-01-01 00:00:00.002143424,0,37.33,3.433,206.9153485,7.343,Thursday,1,1,False,Winter
20,30-04-2010,1970-01-01 00:00:00.001919053,0,54.75,2.921,203.6503685,7.856,Thursday,1,1,False,Winter
20,10-08-2012,1970-01-01 00:00:00.002144245,0,75.4,3.722,214.7484595,7.28,Thursday,1,1,False,Winter
20,06-05-2011,1970-01-01 00:00:00.002090838,0,53.41,4.046,208.7992595,7.287,Thursday,1,1,False,Winter
20,13-05-2011,1970-01-01 00:00:00.002036748,0,62.26,4.066,208.9599189,7.287,Thursday,1,1,False,Winter
20,11-06-2010,1970-01-01 00:00:00.002100489,0,67.32,2.809,204.6679198,7.856,Thursday,1,1,False,Winter
20,28-01-2011,1970-01-01 00:00:00.001761506,0,23.21,3.237,205.3894952,7.343,Thursday,1,1,False,Winter
20,05-08-2011,1970-01-01 00:00:00.002189353,0,77.8,3.842,208.719238,7.274,Thursday,1,1,False,Winter
20,25-11-2011,1970-01-01 00:00:00.002906233,1,46.38,3.492,211.4120757,7.082,Thursday,1,1,False,Winter
20,17-08-2012,1970-01-01 00:00:00.002045061,0,69.57,3.807,214.825578,7.28,Thursday,1,1,False,Winter
21,04-05-2012,1970-01-01 00:00:00.000697645,0,77.53,3.749,221.3095166,6.891,Thursday,1,1,False,Winter
21,18-06-2010,1970-01-01 00:00:00.000785104,0,86.18,2.637,211.1096543,8.2,Thursday,1,1,False,Winter
21,02-09-2011,1970-01-01 00:00:00.000705557,0,91.94,3.533,215.4508632,7.852,Thursday,1,1,False,Winter
21,16-12-2011,1970-01-01 00:00:00.001027584,0,50.56,3.159,218.8217928,7.441,Thursday,1,1,False,Winter
21,04-03-2011,1970-01-01 00:00:00.000796277,0,59.52,3.288,213.4775305,8.028,Thursday,1,1,False,Winter
21,30-04-2010,1970-01-01 00:00:00.000680532,0,66.93,2.78,210.0505833,8.2,Thursday,1,1,False,Winter
21,10-08-2012,1970-01-01 00:00:00.000700272,0,89.57,3.494,221.5954138,6.565,Thursday,1,1,False,Winter
21,06-05-2011,1970-01-01 00:00:00.000718898,0,61.87,3.906,215.4448709,7.931,Thursday,1,1,False,Winter
21,13-05-2011,1970-01-01 00:00:00.000754236,0,75.04,3.899,215.6124735,7.931,Thursday,1,1,False,Winter
21,11-06-2010,1970-01-01 00:00:00.000784305,0,83.51,2.668,211.1120018,8.2,Thursday,1,1,False,Winter
21,28-01-2011,1970-01-01 00:00:00.000649878,0,44.04,3.01,211.8552668,8.028,Thursday,1,1,False,Winter
21,05-08-2011,1970-01-01 00:00:00.000783614,0,94.22,3.684,215.1978515,7.852,Thursday,1,1,False,Winter
21,25-11-2011,1970-01-01 00:00:00.001219263,1,56.43,3.236,218.1130269,7.441,Thursday,1,1,False,Winter
21,17-08-2012,1970-01-01 00:00:00.000751963,0,85.55,3.571,221.6751459,6.565,Thursday,1,1,False,Winter
22,04-05-2012,1970-01-01 00:00:00.001005083,0,50.75,3.991,142.0177929,7.671,Thursday,1,1,False,Winter
22,18-06-2010,1970-01-01 00:00:00.001052895,0,67.13,2.805,136.3243393,8.348,Thursday,1,1,False,Winter
22,02-09-2011,1970-01-01 00:00:00.000912762,0,69.16,3.784,140.196985,8.023,Thursday,1,1,False,Winter
22,16-12-2011,1970-01-01 00:00:00.001453153,0,39.11,3.445,140.4700795,7.706,Thursday,1,1,False,Winter
22,04-03-2011,1970-01-01 00:00:00.000997353,0,33.52,3.437,137.5017028,8.458,Thursday,1,1,False,Winter
22,30-04-2010,1970-01-01 00:00:00.000977683,0,50.96,2.935,135.9170833,8.348,Thursday,1,1,False,Winter
22,10-08-2012,1970-01-01 00:00:00.000973812,0,76.74,3.772,142.1705634,7.753,Thursday,1,1,False,Winter
22,06-05-2011,1970-01-01 00:00:00.001032076,0,53.63,4.078,138.4131202,8.252,Thursday,1,1,False,Winter
22,13-05-2011,1970-01-01 00:00:00.001001558,0,57.71,4.095,138.4959286,8.252,Thursday,1,1,False,Winter
22,11-06-2010,1970-01-01 00:00:00.001061196,0,65.01,2.83,136.2874263,8.348,Thursday,1,1,False,Winter
22,28-01-2011,1970-01-01 00:00:00.000799369,0,20.61,3.243,136.9706544,8.458,Thursday,1,1,False,Winter
22,05-08-2011,1970-01-01 00:00:00.000983232,0,75.33,3.903,139.9896486,8.023,Thursday,1,1,False,Winter
22,25-11-2011,1970-01-01 00:00:00.001535857,1,46.28,3.536,140.4217857,7.706,Thursday,1,1,False,Winter
22,17-08-2012,1970-01-01 00:00:00.000981273,0,74.92,3.84,142.2157385,7.753,Thursday,1,1,False,Winter
23,04-05-2012,1970-01-01 00:00:00.001317379,0,45.88,3.991,138.0332,4.125,Thursday,1,1,False,Winter
23,18-06-2010,1970-01-01 00:00:00.001507708,0,60.29,2.805,132.4733333,5.435,Thursday,1,1,False,Winter
23,02-09-2011,1970-01-01 00:00:00.001464295,0,65.33,3.784,136.2440968,4.584,Thursday,1,1,False,Winter
23,16-12-2011,1970-01-01 00:00:00.002173621,0,32.99,3.445,136.5335161,4.42,Thursday,1,1,False,Winter
23,04-03-2011,1970-01-01 00:00:00.001301185,0,20.67,3.437,133.6141429,5.114,Thursday,1,1,False,Winter
23,30-04-2010,1970-01-01 00:00:00.001259414,0,45.47,2.935,132.0644333,5.435,Thursday,1,1,False,Winter
23,10-08-2012,1970-01-01 00:00:00.001436311,0,71.12,3.772,138.1437742,4.156,Thursday,1,1,False,Winter
23,06-05-2011,1970-01-01 00:00:00.001359921,0,50.07,4.078,134.5143667,4.781,Thursday,1,1,False,Winter
23,13-05-2011,1970-01-01 00:00:00.001254914,0,55.12,4.095,134.593,4.781,Thursday,1,1,False,Winter
23,11-06-2010,1970-01-01 00:00:00.001439432,0,58.35,2.83,132.4357419,5.435,Thursday,1,1,False,Winter
23,28-01-2011,1970-01-01 00:00:00.001083657,0,10.91,3.243,133.1059677,5.114,Thursday,1,1,False,Winter
23,05-08-2011,1970-01-01 00:00:00.001416344,0,69.53,3.903,136.0540323,4.584,Thursday,1,1,False,Winter
23,25-11-2011,1970-01-01 00:00:00.002057059,1,35.23,3.536,136.4788,4.42,Thursday,1,1,False,Winter
23,17-08-2012,1970-01-01 00:00:00.001510131,0,69.97,3.84,138.1857097,4.156,Thursday,1,1,False,Winter
24,04-05-2012,1970-01-01 00:00:00.001306551,0,52.14,4.124,138.0332,8.983,Thursday,1,1,False,Winter
24,18-06-2010,1970-01-01 00:00:00.001354168,0,67.17,2.942,132.4733333,8.211,Thursday,1,1,False,Winter
24,02-09-2011,1970-01-01 00:00:00.001196105,0,68.14,3.879,136.2440968,8.358,Thursday,1,1,False,Winter
24,16-12-2011,1970-01-01 00:00:00.001624994,0,36.0,3.611,136.5335161,8.454,Thursday,1,1,False,Winter
24,04-03-2011,1970-01-01 00:00:00.001346994,0,31.36,3.605,133.6141429,8.252,Thursday,1,1,False,Winter
24,30-04-2010,1970-01-01 00:00:00.001259877,0,51.48,3.042,132.0644333,8.211,Thursday,1,1,False,Winter
24,10-08-2012,1970-01-01 00:00:00.001497054,0,75.53,3.863,138.1437742,8.953,Thursday,1,1,False,Winter
24,06-05-2011,1970-01-01 00:00:00.001339630,0,55.75,4.192,134.5143667,8.212,Thursday,1,1,False,Winter
24,13-05-2011,1970-01-01 00:00:00.001311950,0,58.49,4.211,134.593,8.212,Thursday,1,1,False,Winter
24,11-06-2010,1970-01-01 00:00:00.001375458,0,64.84,2.972,132.4357419,8.211,Thursday,1,1,False,Winter
24,28-01-2011,1970-01-01 00:00:00.001126921,0,17.91,3.402,133.1059677,8.252,Thursday,1,1,False,Winter
24,05-08-2011,1970-01-01 00:00:00.001417616,0,74.64,4.02,136.0540323,8.358,Thursday,1,1,False,Winter
24,25-11-2011,1970-01-01 00:00:00.001761235,1,41.83,3.689,136.4788,8.454,Thursday,1,1,False,Winter
24,17-08-2012,1970-01-01 00:00:00.001397970,0,72.87,3.963,138.1857097,8.953,Thursday,1,1,False,Winter
25,04-05-2012,1970-01-01 00:00:00.000696421,0,58.76,3.951,214.4771081,7.139,Thursday,1,1,False,Winter
25,18-06-2010,1970-01-01 00:00:00.000780444,0,69.56,2.78,204.670036,7.856,Thursday,1,1,False,Winter
25,02-09-2011,1970-01-01 00:00:00.000699779,0,67.2,3.703,208.9625161,7.274,Thursday,1,1,False,Winter
25,16-12-2011,1970-01-01 00:00:00.000997502,0,33.09,3.413,212.0685039,7.082,Thursday,1,1,False,Winter
25,04-03-2011,1970-01-01 00:00:00.000640912,0,31.59,3.433,206.9153485,7.343,Thursday,1,1,False,Winter
25,30-04-2010,1970-01-01 00:00:00.000706924,0,50.97,2.921,203.6503685,7.856,Thursday,1,1,False,Winter
25,10-08-2012,1970-01-01 00:00:00.000710496,0,71.93,3.722,214.7484595,7.28,Thursday,1,1,False,Winter
25,06-05-2011,1970-01-01 00:00:00.000659446,0,49.5,4.046,208.7992595,7.287,Thursday,1,1,False,Winter
25,13-05-2011,1970-01-01 00:00:00.000684783,0,60.1,4.066,208.9599189,7.287,Thursday,1,1,False,Winter
25,11-06-2010,1970-01-01 00:00:00.000737163,0,63.68,2.809,204.6679198,7.856,Thursday,1,1,False,Winter
25,28-01-2011,1970-01-01 00:00:00.000600448,0,18.92,3.237,205.3894952,7.343,Thursday,1,1,False,Winter
25,05-08-2011,1970-01-01 00:00:00.000679706,0,74.0,3.842,208.719238,7.274,Thursday,1,1,False,Winter
25,25-11-2011,1970-01-01 00:00:00.001116211,1,43.49,3.492,211.4120757,7.082,Thursday,1,1,False,Winter
25,17-08-2012,1970-01-01 00:00:00.000728467,0,66.99,3.807,214.825578,7.28,Thursday,1,1,False,Winter
26,04-05-2012,1970-01-01 00:00:00.000946573,0,40.29,3.991,138.0332,7.489,Thursday,1,1,False,Winter
26,18-06-2010,1970-01-01 00:00:00.001001286,0,53.62,2.805,132.4733333,8.512,Thursday,1,1,False,Winter
26,02-09-2011,1970-01-01 00:00:00.001040143,0,59.67,3.784,136.2440968,7.767,Thursday,1,1,False,Winter
26,16-12-2011,1970-01-01 00:00:00.001204807,0,28.24,3.445,136.5335161,7.598,Thursday,1,1,False,Winter
26,04-03-2011,1970-01-01 00:00:00.000945643,0,14.31,3.437,133.6141429,7.907,Thursday,1,1,False,Winter
26,30-04-2010,1970-01-01 00:00:00.000904503,0,40.56,2.935,132.0644333,8.512,Thursday,1,1,False,Winter
26,10-08-2012,1970-01-01 00:00:00.001121476,0,67.01,3.772,138.1437742,7.405,Thursday,1,1,False,Winter
26,06-05-2011,1970-01-01 00:00:00.001024778,0,45.0,4.078,134.5143667,7.818,Thursday,1,1,False,Winter
26,13-05-2011,1970-01-01 00:00:00.000941008,0,48.2,4.095,134.593,7.818,Thursday,1,1,False,Winter
26,11-06-2010,1970-01-01 00:00:00.001073862,0,51.62,2.83,132.4357419,8.512,Thursday,1,1,False,Winter
26,28-01-2011,1970-01-01 00:00:00.000817485,0,5.54,3.243,133.1059677,7.907,Thursday,1,1,False,Winter
26,05-08-2011,1970-01-01 00:00:00.001107552,0,63.16,3.903,136.0540323,7.767,Thursday,1,1,False,Winter
26,25-11-2011,1970-01-01 00:00:00.001282320,1,31.07,3.536,136.4788,7.598,Thursday,1,1,False,Winter
26,17-08-2012,1970-01-01 00:00:00.001068292,0,65.54,3.84,138.1857097,7.405,Thursday,1,1,False,Winter
27,04-05-2012,1970-01-01 00:00:00.001669388,0,53.68,4.124,142.0177929,8.253,Thursday,1,1,False,Winter
27,18-06-2010,1970-01-01 00:00:00.001887182,0,70.0,2.942,136.3243393,8.058,Thursday,1,1,False,Winter
27,02-09-2011,1970-01-01 00:00:00.001511717,0,71.44,3.879,140.196985,7.85,Thursday,1,1,False,Winter
27,16-12-2011,1970-01-01 00:00:00.002205919,0,40.68,3.611,140.4700795,7.906,Thursday,1,1,False,Winter
27,04-03-2011,1970-01-01 00:00:00.001656130,0,36.99,3.605,137.5017028,7.827,Thursday,1,1,False,Winter
27,30-04-2010,1970-01-01 00:00:00.001805885,0,53.55,3.042,135.9170833,8.058,Thursday,1,1,False,Winter
27,10-08-2012,1970-01-01 00:00:00.001720537,0,78.44,3.863,142.1705634,8.239,Thursday,1,1,False,Winter
27,06-05-2011,1970-01-01 00:00:00.001757041,0,56.48,4.192,138.4131202,7.725,Thursday,1,1,False,Winter
27,13-05-2011,1970-01-01 00:00:00.001763545,0,60.07,4.211,138.4959286,7.725,Thursday,1,1,False,Winter
27,11-06-2010,1970-01-01 00:00:00.001873812,0,68.9,2.972,136.2874263,8.058,Thursday,1,1,False,Winter
27,28-01-2011,1970-01-01 00:00:00.001421111,0,23.64,3.402,136.9706544,7.827,Thursday,1,1,False,Winter
27,05-08-2011,1970-01-01 00:00:00.001747289,0,78.14,4.02,139.9896486,7.85,Thursday,1,1,False,Winter
27,25-11-2011,1970-01-01 00:00:00.002504400,1,47.88,3.689,140.4217857,7.906,Thursday,1,1,False,Winter
27,17-08-2012,1970-01-01 00:00:00.001735339,0,76.51,3.963,142.2157385,8.239,Thursday,1,1,False,Winter
28,04-05-2012,1970-01-01 00:00:00.001450628,0,76.03,4.171,131.136,11.627,Thursday,1,1,False,Winter
28,18-06-2010,1970-01-01 00:00:00.001267619,0,81.06,3.043,126.114,14.099,Thursday,1,1,False,Winter
28,02-09-2011,1970-01-01 00:00:00.001468871,0,93.66,3.798,129.3259355,13.503,Thursday,1,1,False,Winter
28,16-12-2011,1970-01-01 00:00:00.001429954,0,43.29,3.6,129.8980645,12.89,Thursday,1,1,False,Winter
28,04-03-2011,1970-01-01 00:00:00.001723736,0,51.72,3.674,128.26475,14.021,Thursday,1,1,False,Winter
28,30-04-2010,1970-01-01 00:00:00.001186971,0,67.38,3.105,126.3805667,14.099,Thursday,1,1,False,Winter
28,10-08-2012,1970-01-01 00:00:00.001269113,0,95.91,3.811,130.7561613,10.926,Thursday,1,1,False,Winter
28,06-05-2011,1970-01-01 00:00:00.001515890,0,68.4,4.193,129.0444333,13.736,Thursday,1,1,False,Winter
28,13-05-2011,1970-01-01 00:00:00.001253316,0,70.93,4.202,129.089,13.736,Thursday,1,1,False,Winter
28,11-06-2010,1970-01-01 00:00:00.001348995,0,90.84,2.949,126.1119032,14.099,Thursday,1,1,False,Winter
28,28-01-2011,1970-01-01 00:00:00.001127859,0,50.74,3.342,127.5800323,14.021,Thursday,1,1,False,Winter
28,05-08-2011,1970-01-01 00:00:00.001523870,0,90.61,3.803,129.1846452,13.503,Thursday,1,1,False,Winter
28,25-11-2011,1970-01-01 00:00:00.001929738,1,53.25,3.622,129.8364,12.89,Thursday,1,1,False,Winter
28,17-08-2012,1970-01-01 00:00:00.001184198,0,94.87,4.002,130.7909677,10.926,Thursday,1,1,False,Winter
29,04-05-2012,1970-01-01 00:00:00.000504963,0,50.75,3.991,138.0332,9.14,Thursday,1,1,False,Winter
29,18-06-2010,1970-01-01 00:00:00.000558731,0,67.13,2.805,132.4733333,10.16,Thursday,1,1,False,Winter
29,02-09-2011,1970-01-01 00:00:00.000497085,0,69.16,3.784,136.2440968,9.863,Thursday,1,1,False,Winter
29,16-12-2011,1970-01-01 00:00:00.000736805,0,39.11,3.445,136.5335161,9.357,Thursday,1,1,False,Winter
29,04-03-2011,1970-01-01 00:00:00.000536031,0,33.52,3.437,133.6141429,10.256,Thursday,1,1,False,Winter
29,30-04-2010,1970-01-01 00:00:00.000501013,0,50.96,2.935,132.0644333,10.16,Thursday,1,1,False,Winter
29,10-08-2012,1970-01-01 00:00:00.000518628,0,76.74,3.772,138.1437742,9.419,Thursday,1,1,False,Winter
29,06-05-2011,1970-01-01 00:00:00.000534372,0,53.63,4.078,134.5143667,9.966,Thursday,1,1,False,Winter
29,13-05-2011,1970-01-01 00:00:00.000549551,0,57.71,4.095,134.593,9.966,Thursday,1,1,False,Winter
29,11-06-2010,1970-01-01 00:00:00.000540716,0,65.01,2.83,132.4357419,10.16,Thursday,1,1,False,Winter
29,28-01-2011,1970-01-01 00:00:00.000410426,0,20.61,3.243,133.1059677,10.256,Thursday,1,1,False,Winter
29,05-08-2011,1970-01-01 00:00:00.000503486,0,75.33,3.903,136.0540323,9.863,Thursday,1,1,False,Winter
29,25-11-2011,1970-01-01 00:00:00.000913165,1,46.28,3.536,136.4788,9.357,Thursday,1,1,False,Winter
29,17-08-2012,1970-01-01 00:00:00.000416881,0,74.92,3.84,138.1857097,9.419,Thursday,1,1,False,Winter
30,04-05-2012,1970-01-01 00:00:00.000454477,0,77.53,3.749,221.3095166,6.891,Thursday,1,1,False,Winter
30,18-06-2010,1970-01-01 00:00:00.000447727,0,86.18,2.637,211.1096543,8.2,Thursday,1,1,False,Winter
30,02-09-2011,1970-01-01 00:00:00.000369722,0,91.94,3.533,215.4508632,7.852,Thursday,1,1,False,Winter
30,16-12-2011,1970-01-01 00:00:00.000441265,0,50.56,3.159,218.8217928,7.441,Thursday,1,1,False,Winter
30,04-03-2011,1970-01-01 00:00:00.000443334,0,59.52,3.288,213.4775305,8.028,Thursday,1,1,False,Winter
30,30-04-2010,1970-01-01 00:00:00.000456140,0,66.93,2.78,210.0505833,8.2,Thursday,1,1,False,Winter
30,10-08-2012,1970-01-01 00:00:00.000430878,0,89.57,3.494,221.5954138,6.565,Thursday,1,1,False,Winter
30,06-05-2011,1970-01-01 00:00:00.000438789,0,61.87,3.906,215.4448709,7.931,Thursday,1,1,False,Winter
30,13-05-2011,1970-01-01 00:00:00.000424614,0,75.04,3.899,215.6124735,7.931,Thursday,1,1,False,Winter
30,11-06-2010,1970-01-01 00:00:00.000445530,0,83.51,2.668,211.1120018,8.2,Thursday,1,1,False,Winter
30,28-01-2011,1970-01-01 00:00:00.000425989,0,44.04,3.01,211.8552668,8.028,Thursday,1,1,False,Winter
30,05-08-2011,1970-01-01 00:00:00.000431798,0,94.22,3.684,215.1978515,7.852,Thursday,1,1,False,Winter
30,25-11-2011,1970-01-01 00:00:00.000452163,1,56.43,3.236,218.1130269,7.441,Thursday,1,1,False,Winter
30,17-08-2012,1970-01-01 00:00:00.000423351,0,85.55,3.571,221.6751459,6.565,Thursday,1,1,False,Winter
31,04-05-2012,1970-01-01 00:00:00.001391257,0,77.53,3.749,221.3095166,6.891,Thursday,1,1,False,Winter
31,18-06-2010,1970-01-01 00:00:00.001368090,0,86.18,2.637,211.1096543,8.2,Thursday,1,1,False,Winter
31,02-09-2011,1970-01-01 00:00:00.001385769,0,91.94,3.533,215.4508632,7.852,Thursday,1,1,False,Winter
31,16-12-2011,1970-01-01 00:00:00.001611196,0,50.56,3.159,218.8217928,7.441,Thursday,1,1,False,Winter
31,04-03-2011,1970-01-01 00:00:00.001412721,0,59.52,3.288,213.4775305,8.028,Thursday,1,1,False,Winter
31,30-04-2010,1970-01-01 00:00:00.001243200,0,66.93,2.78,210.0505833,8.2,Thursday,1,1,False,Winter
31,10-08-2012,1970-01-01 00:00:00.001386472,0,89.57,3.494,221.5954138,6.565,Thursday,1,1,False,Winter
31,06-05-2011,1970-01-01 00:00:00.001388755,0,61.87,3.906,215.4448709,7.931,Thursday,1,1,False,Winter
31,13-05-2011,1970-01-01 00:00:00.001408118,0,75.04,3.899,215.6124735,7.931,Thursday,1,1,False,Winter
31,11-06-2010,1970-01-01 00:00:00.001377092,0,83.51,2.668,211.1120018,8.2,Thursday,1,1,False,Winter
31,28-01-2011,1970-01-01 00:00:00.001254955,0,44.04,3.01,211.8552668,8.028,Thursday,1,1,False,Winter
31,05-08-2011,1970-01-01 00:00:00.001428993,0,94.22,3.684,215.1978515,7.852,Thursday,1,1,False,Winter
31,25-11-2011,1970-01-01 00:00:00.001934099,1,56.43,3.236,218.1130269,7.441,Thursday,1,1,False,Winter
31,17-08-2012,1970-01-01 00:00:00.001410181,0,85.55,3.571,221.6751459,6.565,Thursday,1,1,False,Winter
32,04-05-2012,1970-01-01 00:00:00.001187384,0,58.29,3.903,197.6063534,8.09,Thursday,1,1,False,Winter
32,18-06-2010,1970-01-01 00:00:00.001150191,0,60.94,2.674,189.4185259,8.963,Thursday,1,1,False,Winter
32,02-09-2011,1970-01-01 00:00:00.001152117,0,74.6,3.511,194.5092113,8.622,Thursday,1,1,False,Winter
32,16-12-2011,1970-01-01 00:00:00.001556017,0,26.23,3.266,195.9841685,8.513,Thursday,1,1,False,Winter
32,04-03-2011,1970-01-01 00:00:00.001106847,0,39.17,3.232,192.0116004,8.818,Thursday,1,1,False,Winter
32,30-04-2010,1970-01-01 00:00:00.001066792,0,47.51,2.766,189.575127,8.963,Thursday,1,1,False,Winter
32,10-08-2012,1970-01-01 00:00:00.001227469,0,75.93,3.509,198.0795651,7.872,Thursday,1,1,False,Winter
32,06-05-2011,1970-01-01 00:00:00.001181793,0,46.65,3.735,192.7252006,8.595,Thursday,1,1,False,Winter
32,13-05-2011,1970-01-01 00:00:00.001138162,0,56.09,3.767,192.826069,8.595,Thursday,1,1,False,Winter
32,11-06-2010,1970-01-01 00:00:00.001192074,0,70.86,2.684,189.4000734,8.963,Thursday,1,1,False,Winter
32,28-01-2011,1970-01-01 00:00:00.001006814,0,34.86,3.008,191.667891,8.818,Thursday,1,1,False,Winter
32,05-08-2011,1970-01-01 00:00:00.001201694,0,74.83,3.554,193.9110133,8.622,Thursday,1,1,False,Winter
32,25-11-2011,1970-01-01 00:00:00.001684468,1,40.22,3.424,195.7704,8.513,Thursday,1,1,False,Winter
32,17-08-2012,1970-01-01 00:00:00.001261306,0,70.75,3.545,198.1001057,7.872,Thursday,1,1,False,Winter
33,04-05-2012,1970-01-01 00:00:00.000270497,0,82.43,4.058,131.136,7.396,Thursday,1,1,False,Winter
33,18-06-2010,1970-01-01 00:00:00.000272399,0,87.69,2.935,126.114,9.849,Thursday,1,1,False,Winter
33,02-09-2011,1970-01-01 00:00:00.000239198,0,99.2,3.798,129.3259355,8.442,Thursday,1,1,False,Winter
33,16-12-2011,1970-01-01 00:00:00.000259638,0,53.18,3.489,129.8980645,8.01,Thursday,1,1,False,Winter
33,04-03-2011,1970-01-01 00:00:00.000245435,0,59.51,3.674,128.26475,8.951,Thursday,1,1,False,Winter
33,30-04-2010,1970-01-01 00:00:00.000275883,0,73.29,3.105,126.3805667,9.849,Thursday,1,1,False,Winter
33,10-08-2012,1970-01-01 00:00:00.000297753,0,100.07,3.811,130.7561613,7.147,Thursday,1,1,False,Winter
33,06-05-2011,1970-01-01 00:00:00.000257031,0,77.92,4.193,129.0444333,8.687,Thursday,1,1,False,Winter
33,13-05-2011,1970-01-01 00:00:00.000279466,0,78.24,4.202,129.089,8.687,Thursday,1,1,False,Winter
33,11-06-2010,1970-01-01 00:00:00.000310800,0,93.52,3.057,126.1119032,9.849,Thursday,1,1,False,Winter
33,28-01-2011,1970-01-01 00:00:00.000231155,0,56.62,3.231,127.5800323,8.951,Thursday,1,1,False,Winter
33,05-08-2011,1970-01-01 00:00:00.000242456,0,96.93,3.803,129.1846452,8.442,Thursday,1,1,False,Winter
33,25-11-2011,1970-01-01 00:00:00.000255996,1,62.35,3.76,129.8364,8.01,Thursday,1,1,False,Winter
33,17-08-2012,1970-01-01 00:00:00.000270097,0,96.79,4.002,130.7909677,7.147,Thursday,1,1,False,Winter
34,04-05-2012,1970-01-01 00:00:00.000991104,0,65.04,3.747,131.136,9.575,Thursday,1,1,False,Winter
34,18-06-2010,1970-01-01 00:00:00.000941612,0,73.48,2.635,126.114,9.593,Thursday,1,1,False,Winter
34,02-09-2011,1970-01-01 00:00:00.000926455,0,78.24,3.533,129.3259355,10.641,Thursday,1,1,False,Winter
34,16-12-2011,1970-01-01 00:00:00.001151052,0,32.31,3.149,129.8980645,10.148,Thursday,1,1,False,Winter
34,04-03-2011,1970-01-01 00:00:00.000963910,0,46.21,3.305,128.26475,10.398,Thursday,1,1,False,Winter
34,30-04-2010,1970-01-01 00:00:00.000859922,0,56.58,2.787,126.3805667,9.593,Thursday,1,1,False,Winter
34,10-08-2012,1970-01-01 00:00:00.001004523,0,78.26,3.476,130.7561613,9.285,Thursday,1,1,False,Winter
34,06-05-2011,1970-01-01 00:00:00.000965853,0,54.4,3.866,129.0444333,10.581,Thursday,1,1,False,Winter
34,13-05-2011,1970-01-01 00:00:00.000966232,0,63.05,3.872,129.089,10.581,Thursday,1,1,False,Winter
34,11-06-2010,1970-01-01 00:00:00.000954681,0,80.84,2.668,126.1119032,9.593,Thursday,1,1,False,Winter
34,28-01-2011,1970-01-01 00:00:00.000836717,0,34.68,3.022,127.5800323,10.398,Thursday,1,1,False,Winter
34,05-08-2011,1970-01-01 00:00:00.000942236,0,76.71,3.662,129.1846452,10.641,Thursday,1,1,False,Winter
34,25-11-2011,1970-01-01 00:00:00.001345595,1,45.99,3.225,129.8364,10.148,Thursday,1,1,False,Winter
34,17-08-2012,1970-01-01 00:00:00.001013820,0,77.78,3.552,130.7909677,9.285,Thursday,1,1,False,Winter
35,04-05-2012,1970-01-01 00:00:00.000772036,0,53.68,3.951,142.0177929,8.876,Thursday,1,1,False,Winter
35,18-06-2010,1970-01-01 00:00:00.001198025,0,70.0,2.78,136.3243393,9.051,Thursday,1,1,False,Winter
35,02-09-2011,1970-01-01 00:00:00.000813486,0,71.44,3.703,140.196985,8.684,Thursday,1,1,False,Winter
35,16-12-2011,1970-01-01 00:00:00.001115255,0,40.68,3.413,140.4700795,8.745,Thursday,1,1,False,Winter
35,04-03-2011,1970-01-01 00:00:00.000850448,0,36.99,3.433,137.5017028,8.549,Thursday,1,1,False,Winter
35,30-04-2010,1970-01-01 00:00:00.001096930,0,53.55,2.921,135.9170833,9.051,Thursday,1,1,False,Winter
35,10-08-2012,1970-01-01 00:00:00.000888368,0,78.44,3.722,142.1705634,8.839,Thursday,1,1,False,Winter
35,06-05-2011,1970-01-01 00:00:00.000835181,0,56.48,4.046,138.4131202,8.512,Thursday,1,1,False,Winter
35,13-05-2011,1970-01-01 00:00:00.000826155,0,60.07,4.066,138.4959286,8.512,Thursday,1,1,False,Winter
35,11-06-2010,1970-01-01 00:00:00.001160412,0,68.9,2.809,136.2874263,9.051,Thursday,1,1,False,Winter
35,28-01-2011,1970-01-01 00:00:00.000633289,0,23.64,3.237,136.9706544,8.549,Thursday,1,1,False,Winter
35,05-08-2011,1970-01-01 00:00:00.000826820,0,78.14,3.842,139.9896486,8.684,Thursday,1,1,False,Winter
35,25-11-2011,1970-01-01 00:00:00.001733822,1,47.88,3.492,140.4217857,8.745,Thursday,1,1,False,Winter
35,17-08-2012,1970-01-01 00:00:00.000887979,0,76.51,3.807,142.2157385,8.839,Thursday,1,1,False,Winter
36,04-05-2012,1970-01-01 00:00:00.000312467,0,77.17,3.835,220.3545033,6.989,Thursday,1,1,False,Winter
36,18-06-2010,1970-01-01 00:00:00.000485694,0,84.37,2.572,210.2108417,8.464,Thursday,1,1,False,Winter
36,02-09-2011,1970-01-01 00:00:00.000350276,0,87.5,3.481,214.5516896,8.177,Thursday,1,1,False,Winter
36,16-12-2011,1970-01-01 00:00:00.000341503,0,58.31,3.133,217.8781339,7.716,Thursday,1,1,False,Winter
36,04-03-2011,1970-01-01 00:00:00.000402579,0,64.55,3.282,212.576205,8.395,Thursday,1,1,False,Winter
36,30-04-2010,1970-01-01 00:00:00.000457899,0,70.9,2.725,209.170772,8.464,Thursday,1,1,False,Winter
36,10-08-2012,1970-01-01 00:00:00.000298947,0,84.41,3.49,220.6404663,6.623,Thursday,1,1,False,Winter
36,06-05-2011,1970-01-01 00:00:00.000393401,0,69.56,3.917,214.5240376,8.3,Thursday,1,1,False,Winter
36,13-05-2011,1970-01-01 00:00:00.000395316,0,76.73,3.92,214.6899778,8.3,Thursday,1,1,False,Winter
36,11-06-2010,1970-01-01 00:00:00.000467711,0,82.3,2.615,210.2135668,8.464,Thursday,1,1,False,Winter
36,28-01-2011,1970-01-01 00:00:00.000372174,0,48.74,2.995,210.9682412,8.395,Thursday,1,1,False,Winter
36,05-08-2011,1970-01-01 00:00:00.000381017,0,86.71,3.652,214.2972939,8.177,Thursday,1,1,False,Winter
36,25-11-2011,1970-01-01 00:00:00.000332811,1,66.41,3.181,217.1812533,7.716,Thursday,1,1,False,Winter
36,17-08-2012,1970-01-01 00:00:00.000314607,0,85.89,3.571,220.7199609,6.623,Thursday,1,1,False,Winter
37,04-05-2012,1970-01-01 00:00:00.000535311,0,77.17,3.749,220.3545033,6.989,Thursday,1,1,False,Winter
37,18-06-2010,1970-01-01 00:00:00.000505761,0,84.37,2.637,210.2108417,8.464,Thursday,1,1,False,Winter
37,02-09-2011,1970-01-01 00:00:00.000530367,0,87.5,3.533,214.5516896,8.177,Thursday,1,1,False,Winter
37,16-12-2011,1970-01-01 00:00:00.000533905,0,58.31,3.159,217.8781339,7.716,Thursday,1,1,False,Winter
37,04-03-2011,1970-01-01 00:00:00.000527572,0,64.55,3.288,212.576205,8.395,Thursday,1,1,False,Winter
37,30-04-2010,1970-01-01 00:00:00.000517850,0,70.9,2.78,209.170772,8.464,Thursday,1,1,False,Winter
37,10-08-2012,1970-01-01 00:00:00.000500964,0,84.41,3.494,220.6404663,6.623,Thursday,1,1,False,Winter
37,06-05-2011,1970-01-01 00:00:00.000547513,0,69.56,3.906,214.5240376,8.3,Thursday,1,1,False,Winter
37,13-05-2011,1970-01-01 00:00:00.000511871,0,76.73,3.899,214.6899778,8.3,Thursday,1,1,False,Winter
37,11-06-2010,1970-01-01 00:00:00.000481915,0,82.3,2.668,210.2135668,8.464,Thursday,1,1,False,Winter
37,28-01-2011,1970-01-01 00:00:00.000513672,0,48.74,3.01,210.9682412,8.395,Thursday,1,1,False,Winter
37,05-08-2011,1970-01-01 00:00:00.000510787,0,86.71,3.684,214.2972939,8.177,Thursday,1,1,False,Winter
37,25-11-2011,1970-01-01 00:00:00.000522554,1,66.41,3.236,217.1812533,7.716,Thursday,1,1,False,Winter
37,17-08-2012,1970-01-01 00:00:00.000509633,0,85.89,3.571,220.7199609,6.623,Thursday,1,1,False,Winter
38,04-05-2012,1970-01-01 00:00:00.000491755,0,76.03,4.171,131.136,11.627,Thursday,1,1,False,Winter
38,18-06-2010,1970-01-01 00:00:00.000335691,0,81.06,3.043,126.114,14.099,Thursday,1,1,False,Winter
38,02-09-2011,1970-01-01 00:00:00.000416953,0,93.66,3.798,129.3259355,13.503,Thursday,1,1,False,Winter
38,16-12-2011,1970-01-01 00:00:00.000404283,0,43.29,3.6,129.8980645,12.89,Thursday,1,1,False,Winter
38,04-03-2011,1970-01-01 00:00:00.000405429,0,51.72,3.674,128.26475,14.021,Thursday,1,1,False,Winter
38,30-04-2010,1970-01-01 00:00:00.000337979,0,67.38,3.105,126.3805667,14.099,Thursday,1,1,False,Winter
38,10-08-2012,1970-01-01 00:00:00.000436690,0,95.91,3.811,130.7561613,10.926,Thursday,1,1,False,Winter
38,06-05-2011,1970-01-01 00:00:00.000422186,0,68.4,4.193,129.0444333,13.736,Thursday,1,1,False,Winter
38,13-05-2011,1970-01-01 00:00:00.000366977,0,70.93,4.202,129.089,13.736,Thursday,1,1,False,Winter
38,11-06-2010,1970-01-01 00:00:00.000354828,0,90.84,2.949,126.1119032,14.099,Thursday,1,1,False,Winter
38,28-01-2011,1970-01-01 00:00:00.000357557,0,50.74,3.342,127.5800323,14.021,Thursday,1,1,False,Winter
38,05-08-2011,1970-01-01 00:00:00.000437631,0,90.61,3.803,129.1846452,13.503,Thursday,1,1,False,Winter
38,25-11-2011,1970-01-01 00:00:00.000393715,1,53.25,3.622,129.8364,12.89,Thursday,1,1,False,Winter
38,17-08-2012,1970-01-01 00:00:00.000411866,0,94.87,4.002,130.7909677,10.926,Thursday,1,1,False,Winter
39,04-05-2012,1970-01-01 00:00:00.001512227,0,77.15,3.749,220.3545033,6.989,Thursday,1,1,False,Winter
39,18-06-2010,1970-01-01 00:00:00.001368312,0,83.96,2.637,210.2108417,8.464,Thursday,1,1,False,Winter
39,02-09-2011,1970-01-01 00:00:00.001465089,0,88.65,3.533,214.5516896,8.177,Thursday,1,1,False,Winter
39,16-12-2011,1970-01-01 00:00:00.001991824,0,58.58,3.159,217.8781339,7.716,Thursday,1,1,False,Winter
39,04-03-2011,1970-01-01 00:00:00.001316385,0,63.56,3.288,212.576205,8.395,Thursday,1,1,False,Winter
39,30-04-2010,1970-01-01 00:00:00.001263836,0,70.03,2.78,209.170772,8.464,Thursday,1,1,False,Winter
39,10-08-2012,1970-01-01 00:00:00.001641867,0,83.47,3.494,220.6404663,6.623,Thursday,1,1,False,Winter
39,06-05-2011,1970-01-01 00:00:00.001370920,0,68.75,3.906,214.5240376,8.3,Thursday,1,1,False,Winter
39,13-05-2011,1970-01-01 00:00:00.001325022,0,77.39,3.899,214.6899778,8.3,Thursday,1,1,False,Winter
39,11-06-2010,1970-01-01 00:00:00.001371405,0,81.78,2.668,210.2135668,8.464,Thursday,1,1,False,Winter
39,28-01-2011,1970-01-01 00:00:00.001158698,0,47.94,3.01,210.9682412,8.395,Thursday,1,1,False,Winter
39,05-08-2011,1970-01-01 00:00:00.001518790,0,87.73,3.684,214.2972939,8.177,Thursday,1,1,False,Winter
39,25-11-2011,1970-01-01 00:00:00.002338832,1,66.36,3.236,217.1812533,7.716,Thursday,1,1,False,Winter
39,17-08-2012,1970-01-01 00:00:00.001720221,0,84.72,3.571,220.7199609,6.623,Thursday,1,1,False,Winter
40,04-05-2012,1970-01-01 00:00:00.000993311,0,44.47,3.991,138.0332,4.125,Thursday,1,1,False,Winter
40,18-06-2010,1970-01-01 00:00:00.000973105,0,60.97,2.805,132.4733333,5.435,Thursday,1,1,False,Winter
40,02-09-2011,1970-01-01 00:00:00.000957298,0,63.79,3.784,136.2440968,4.584,Thursday,1,1,False,Winter
40,16-12-2011,1970-01-01 00:00:00.001198670,0,29.53,3.445,136.5335161,4.42,Thursday,1,1,False,Winter
40,04-03-2011,1970-01-01 00:00:00.000977070,0,18.49,3.437,133.6141429,5.114,Thursday,1,1,False,Winter
40,30-04-2010,1970-01-01 00:00:00.000816838,0,46.5,2.935,132.0644333,5.435,Thursday,1,1,False,Winter
40,10-08-2012,1970-01-01 00:00:00.001007906,0,70.09,3.772,138.1437742,4.156,Thursday,1,1,False,Winter
40,06-05-2011,1970-01-01 00:00:00.001016752,0,50.81,4.078,134.5143667,4.781,Thursday,1,1,False,Winter
40,13-05-2011,1970-01-01 00:00:00.000903864,0,54.09,4.095,134.593,4.781,Thursday,1,1,False,Winter
40,11-06-2010,1970-01-01 00:00:00.001007574,0,59.42,2.83,132.4357419,5.435,Thursday,1,1,False,Winter
40,28-01-2011,1970-01-01 00:00:00.000775910,0,9.51,3.243,133.1059677,5.114,Thursday,1,1,False,Winter
40,05-08-2011,1970-01-01 00:00:00.001063818,0,68.1,3.903,136.0540323,4.584,Thursday,1,1,False,Winter
40,25-11-2011,1970-01-01 00:00:00.001230011,1,32.76,3.536,136.4788,4.42,Thursday,1,1,False,Winter
40,17-08-2012,1970-01-01 00:00:00.000969387,0,69.41,3.84,138.1857097,4.156,Thursday,1,1,False,Winter
41,04-05-2012,1970-01-01 00:00:00.001359770,0,52.86,3.903,197.6063534,6.547,Thursday,1,1,False,Winter
41,18-06-2010,1970-01-01 00:00:00.001202963,0,54.9,2.674,189.4185259,7.363,Thursday,1,1,False,Winter
41,02-09-2011,1970-01-01 00:00:00.001283849,0,70.37,3.511,194.5092113,6.901,Thursday,1,1,False,Winter
41,16-12-2011,1970-01-01 00:00:00.001682368,0,25.01,3.266,195.9841685,6.759,Thursday,1,1,False,Winter
41,04-03-2011,1970-01-01 00:00:00.001229257,0,34.99,3.232,192.0116004,7.241,Thursday,1,1,False,Winter
41,30-04-2010,1970-01-01 00:00:00.001063960,0,40.2,2.766,189.575127,7.363,Thursday,1,1,False,Winter
41,10-08-2012,1970-01-01 00:00:00.001504545,0,71.73,3.509,198.0795651,6.432,Thursday,1,1,False,Winter
41,06-05-2011,1970-01-01 00:00:00.001244956,0,41.2,3.735,192.7252006,6.934,Thursday,1,1,False,Winter
41,13-05-2011,1970-01-01 00:00:00.001270025,0,50.29,3.767,192.826069,6.934,Thursday,1,1,False,Winter
41,11-06-2010,1970-01-01 00:00:00.001217199,0,63.36,2.684,189.4000734,7.363,Thursday,1,1,False,Winter
41,28-01-2011,1970-01-01 00:00:00.001026439,0,32.23,3.008,191.667891,7.241,Thursday,1,1,False,Winter
41,05-08-2011,1970-01-01 00:00:00.001402233,0,72.19,3.554,193.9110133,6.901,Thursday,1,1,False,Winter
41,25-11-2011,1970-01-01 00:00:00.001906713,1,36.37,3.424,195.7704,6.759,Thursday,1,1,False,Winter
41,17-08-2012,1970-01-01 00:00:00.001560590,0,65.77,3.545,198.1001057,6.432,Thursday,1,1,False,Winter
42,04-05-2012,1970-01-01 00:00:00.000609274,0,77.02,4.058,131.136,7.382,Thursday,1,1,False,Winter
42,18-06-2010,1970-01-01 00:00:00.000529418,0,83.49,2.935,126.114,9.524,Thursday,1,1,False,Winter
42,02-09-2011,1970-01-01 00:00:00.000537124,0,91.61,3.798,129.3259355,8.257,Thursday,1,1,False,Winter
42,16-12-2011,1970-01-01 00:00:00.000598437,0,50.53,3.489,129.8980645,7.874,Thursday,1,1,False,Winter
42,04-03-2011,1970-01-01 00:00:00.000570879,0,56.96,3.674,128.26475,8.744,Thursday,1,1,False,Winter
42,30-04-2010,1970-01-01 00:00:00.000477615,0,69.76,3.105,126.3805667,9.524,Thursday,1,1,False,Winter
42,10-08-2012,1970-01-01 00:00:00.000576620,0,90.78,3.811,130.7561613,7.17,Thursday,1,1,False,Winter
42,06-05-2011,1970-01-01 00:00:00.000612337,0,73.56,4.193,129.0444333,8.494,Thursday,1,1,False,Winter
42,13-05-2011,1970-01-01 00:00:00.000603024,0,74.04,4.202,129.089,8.494,Thursday,1,1,False,Winter
42,11-06-2010,1970-01-01 00:00:00.000607218,0,89.67,3.057,126.1119032,9.524,Thursday,1,1,False,Winter
42,28-01-2011,1970-01-01 00:00:00.000499081,0,53.03,3.231,127.5800323,8.744,Thursday,1,1,False,Winter
42,05-08-2011,1970-01-01 00:00:00.000572603,0,89.8,3.803,129.1846452,8.257,Thursday,1,1,False,Winter
42,25-11-2011,1970-01-01 00:00:00.000577698,1,60.68,3.76,129.8364,7.874,Thursday,1,1,False,Winter
42,17-08-2012,1970-01-01 00:00:00.000575997,0,88.83,4.002,130.7909677,7.17,Thursday,1,1,False,Winter
43,04-05-2012,1970-01-01 00:00:00.000637964,0,77.47,3.749,213.1125857,9.575,Thursday,1,1,False,Winter
43,18-06-2010,1970-01-01 00:00:00.000700009,0,84.9,2.637,203.370619,9.593,Thursday,1,1,False,Winter
43,02-09-2011,1970-01-01 00:00:00.000594224,0,87.84,3.533,207.6206959,10.641,Thursday,1,1,False,Winter
43,16-12-2011,1970-01-01 00:00:00.000665007,0,43.78,3.159,210.7365392,10.148,Thursday,1,1,False,Winter
43,04-03-2011,1970-01-01 00:00:00.000616345,0,60.26,3.288,205.7148214,10.398,Thursday,1,1,False,Winter
43,30-04-2010,1970-01-01 00:00:00.000630740,0,66.91,2.78,202.4312238,9.593,Thursday,1,1,False,Winter
43,10-08-2012,1970-01-01 00:00:00.000643558,0,86.36,3.494,213.3473641,9.285,Thursday,1,1,False,Winter
43,06-05-2011,1970-01-01 00:00:00.000649148,0,66.77,3.906,207.5714929,10.581,Thursday,1,1,False,Winter
43,13-05-2011,1970-01-01 00:00:00.000684655,0,76.03,3.899,207.7281429,10.581,Thursday,1,1,False,Winter
43,11-06-2010,1970-01-01 00:00:00.000684023,0,88.12,2.668,203.3727673,9.593,Thursday,1,1,False,Winter
43,28-01-2011,1970-01-01 00:00:00.000562558,0,44.98,3.01,204.1789677,10.398,Thursday,1,1,False,Winter
43,05-08-2011,1970-01-01 00:00:00.000605956,0,87.47,3.684,207.3732949,10.641,Thursday,1,1,False,Winter
43,25-11-2011,1970-01-01 00:00:00.000669965,1,55.7,3.236,210.0888571,10.148,Thursday,1,1,False,Winter
43,17-08-2012,1970-01-01 00:00:00.000640210,0,85.66,3.571,213.4226959,9.285,Thursday,1,1,False,Winter
44,04-05-2012,1970-01-01 00:00:00.000326053,0,54.41,3.831,131.136,5.621,Thursday,1,1,False,Winter
44,18-06-2010,1970-01-01 00:00:00.000293481,0,58.41,2.819,126.114,7.972,Thursday,1,1,False,Winter
44,02-09-2011,1970-01-01 00:00:00.000309543,0,77.0,3.58,129.3259355,6.56,Thursday,1,1,False,Winter
44,16-12-2011,1970-01-01 00:00:00.000311144,0,27.85,3.282,129.8980645,6.078,Thursday,1,1,False,Winter
44,04-03-2011,1970-01-01 00:00:00.000293984,0,34.23,3.23,128.26475,7.224,Thursday,1,1,False,Winter
44,30-04-2010,1970-01-01 00:00:00.000272997,0,48.33,2.941,126.3805667,7.972,Thursday,1,1,False,Winter
44,10-08-2012,1970-01-01 00:00:00.000333594,0,81.69,3.509,130.7561613,5.407,Thursday,1,1,False,Winter
44,06-05-2011,1970-01-01 00:00:00.000299354,0,47.75,3.744,129.0444333,6.906,Thursday,1,1,False,Winter
44,13-05-2011,1970-01-01 00:00:00.000307095,0,52.4,3.77,129.089,6.906,Thursday,1,1,False,Winter
44,11-06-2010,1970-01-01 00:00:00.000296818,0,65.24,2.841,126.1119032,7.972,Thursday,1,1,False,Winter
44,28-01-2011,1970-01-01 00:00:00.000276011,0,31.64,2.96,127.5800323,7.224,Thursday,1,1,False,Winter
44,05-08-2011,1970-01-01 00:00:00.000298080,0,75.56,3.595,129.1846452,6.56,Thursday,1,1,False,Winter
44,25-11-2011,1970-01-01 00:00:00.000309129,1,38.89,3.445,129.8364,6.078,Thursday,1,1,False,Winter
44,17-08-2012,1970-01-01 00:00:00.000327389,0,79.4,3.545,130.7909677,5.407,Thursday,1,1,False,Winter
45,04-05-2012,1970-01-01 00:00:00.000782300,0,55.21,3.951,190.9222115,8.567,Thursday,1,1,False,Winter
45,18-06-2010,1970-01-01 00:00:00.000815130,0,72.62,2.78,182.4424199,8.899,Thursday,1,1,False,Winter
45,02-09-2011,1970-01-01 00:00:00.000726482,0,70.63,3.703,186.6189274,8.625,Thursday,1,1,False,Winter
45,16-12-2011,1970-01-01 00:00:00.001078905,0,39.93,3.413,188.7979349,8.523,Thursday,1,1,False,Winter
45,04-03-2011,1970-01-01 00:00:00.000761880,0,38.65,3.433,184.3879911,8.549,Thursday,1,1,False,Winter
45,30-04-2010,1970-01-01 00:00:00.000737265,0,53.15,2.921,181.6620359,8.899,Thursday,1,1,False,Winter
45,10-08-2012,1970-01-01 00:00:00.000733037,0,78.65,3.722,191.1626135,8.684,Thursday,1,1,False,Winter
45,06-05-2011,1970-01-01 00:00:00.000810150,0,58.21,4.046,185.9374378,8.521,Thursday,1,1,False,Winter
45,13-05-2011,1970-01-01 00:00:00.000793889,0,60.38,4.066,186.0719231,8.521,Thursday,1,1,False,Winter
45,11-06-2010,1970-01-01 00:00:00.000794698,0,69.71,2.809,182.4315571,8.899,Thursday,1,1,False,Winter
45,28-01-2011,1970-01-01 00:00:00.000617207,0,24.05,3.237,183.1800955,8.549,Thursday,1,1,False,Winter
45,05-08-2011,1970-01-01 00:00:00.000765996,0,78.22,3.842,186.3734038,8.625,Thursday,1,1,False,Winter
45,25-11-2011,1970-01-01 00:00:00.001170672,1,48.71,3.492,188.3504,8.523,Thursday,1,1,False,Winter
45,17-08-2012,1970-01-01 00:00:00.000722496,0,75.71,3.807,191.2284919,8.684,Thursday,1,1,False,Winter
